ID,Start time,Completion time,Email,Name,Which BU do you represent?,"In 2022, Central Digital has improved its services compared to 2021","In 2022, the Product, UX, UI, Customer Experience and Conversion Rate Improvement team has improved its services compared to 2021","In 2022, the service of Product, UX, UI, Customer Experience and Conversion Rate Improvement team has met your expectations.","In 2022, the Tech and Engineering team has improved its services compared to 2021","In 2022, the services of the tech and engineering team has met your expectations.","In 2022, the RIS team has improved its services compared to 2021","In 2022, the services of the RIS team has met your expectations.","In 2022, the Digital Marketing team has improved its services compared to 2021","In 2022, the services of the Digital Marketing team has met your expectations.","In 2022, the Data team has improved its services compared to 2021.","In 2022, the services of the Data team has met your expectations","In 2022, the Central Digital Strategy team (Strategy, Innovation, TMO and Change Management) has improved its services compared to 2021","In 2022, the services of the Central Digital Strategy team (Strategy, Innovation, TMO and Change Management) has met your expectations","In 2022, the Central Digital Support team (HR, Finance) has improved its services compared to 2021","In 2022, the services of the Central Digital Support team (HR, Finance) has met your expectations",How likely are you to recommend Central Digital services to a colleague or another BU?,"How likely are you to recommend the Product, UX, UI, Customer Experience, Conversion Rate Improvement team�to a colleague or another BU?",How likely are you to recommend the Tech and Engineering team to a colleague or another BU?,How likely are you to recommend the RIS team to a colleague or another BU?,How likely are you to recommend the Digital Marketing team to a colleague or another BU?,How likely are you to recommend the Data team to a colleague or another BU?,"How likely are you to recommend the Central Digital Strategy team (Strategy, Innovation, TMO and Change Management) to a colleague or another BU?","How likely are you to recommend the Central Digital Support team (HR, Finance) to a colleague or another BU?",What is something we should start�doing to improve your experience?,What is something we should stop doing to improve your experience?,What is something we should continue doing?,Do you have any other comments?
1,2/6/23 17:28:34,2/6/23 17:33:22,anonymous,,Department Store,Disagree,Fully Disagree,Neutral,Disagree,Disagree,Neutral,Neutral,Neutral,Neutral,Disagree,Disagree,Disagree,Disagree,,,3,1,2,4,4,3,3,,Transparent Communication and Sufficient leadtime to implement/do/act,"Stop suggesting roll out plan or partial roll out plan, without consent from BU ",BU and PM dedicated for projects,"IT Cost needs to be more reasonable, compared to outsource or normal rate."
2,2/6/23 17:38:35,2/6/23 17:41:47,anonymous,,Department Store,Neutral,Disagree,Disagree,Neutral,Neutral,Neutral,Neutral,Neutral,Neutral,Agree,Agree,Agree,Neutral,,,2,1,5,5,5,5,5,,Improve agile methodology to develop better products faster. Focus more on user requirements ,Stop relying on outdated product documents. Expect more responsiveness ,Not applicable,
3,2/6/23 17:30:04,2/6/23 18:10:06,anonymous,,Supersports,Fully Disagree,Fully Disagree,Fully Disagree,Fully Disagree,Fully Disagree,Neutral,Disagree,Neutral,Neutral,Disagree,Neutral,Agree,Disagree,,,2,1,0,3,7,2,3,,Align priorities with Business - Meet agreed timeline - Deliver agreed deliverables,Ignore business priorities - Take initiative with impact on Business without having informed Business,"Availability throughout the day [Marketing team, PM & BA]",#NA
4,2/6/23 17:45:57,2/6/23 18:10:08,anonymous,,Supersports,Fully Disagree,Fully Disagree,Fully Disagree,Fully Disagree,Fully Disagree,Neutral,Fully Disagree,Disagree,Neutral,Disagree,Neutral,Agree,Disagree,,,2,1,0,3,6,3,4,,delivery the service in given timelines,Implementing initiatives without BUs confirmations/greenlight,Being responsive throughout key campaigns days (Digital Marketing team),
5,2/6/23 17:39:58,2/6/23 18:10:12,anonymous,,Supersports,Fully Disagree,Fully Disagree,Fully Disagree,Fully Disagree,Fully Disagree,Neutral,Disagree,Neutral,Neutral,Disagree,Neutral,Agree,Disagree,,,2,1,1,3,6,3,5,,To meet the timeline of project - To give more expert people to support BU right job,To limit resource of people to support BU - To do something without BU's greenlight,Promply response when BU having issue (Performance Marketing team and Data tracking team) ,
6,2/6/23 18:17:32,2/6/23 18:27:27,anonymous,,PowerBuy,Agree,Neutral,Fully Disagree,Disagree,Disagree,Agree,Agree,N/A,N/A,N/A,N/A,Fully Disagree,Disagree,,,0,0,5,7,,,2,,The real customr centric thoughts,"Overcharge for some activity due to we, BU, are also spend time with you to make things better",Good collaboration with BU ,
7,2/6/23 17:47:37,2/6/23 18:29:25,anonymous,,Supersports,Fully Disagree,Fully Disagree,Fully Disagree,Fully Disagree,Fully Disagree,Neutral,Disagree,Neutral,Neutral,Disagree,Neutral,Agree,Disagree,,,1,0,0,3,5,1,2,,"commit to timeline, putting enough resources to where needed, recruiting the right resources who can actually do what they are hired for","always delay, having very poor documentation and KM",maintain high-performing staffs (our BA and PM),
8,2/6/23 18:25:09,2/6/23 20:11:51,anonymous,,Supersports,Fully Disagree,Fully Disagree,Fully Disagree,Disagree,Disagree,Neutral,Neutral,Neutral,Disagree,Disagree,Disagree,Agree,Disagree,,,2,2,3,4,5,2,3,,- can be fixed issue by the timeline ,- Ignore business priority - ignore a text message,- expected to get the response quickly - more explanation about root cause and how to fix issue,-
9,2/6/23 20:29:53,2/6/23 20:39:39,anonymous,,Department Store,N/A,N/A,Disagree,N/A,Disagree,N/A,Neutral,N/A,Neutral,N/A,Disagree,N/A,Neutral,,,3,4,2,5,5,4,5,,Understand more on business needs and localization before start doing something,Doing things without asking/sharing with the BU first,N/A,"Please try to understand the business of the BUs you providing the service to. If not, can ask and align more on the requirement first and give proper leadtime to review the work too."
10,2/7/23 1:28:04,2/7/23 1:34:32,anonymous,,Department Store,Agree,N/A,N/A,Fully Agree,Fully Agree,Fully Disagree,Fully Disagree,N/A,N/A,Fully Agree,Fully Agree,N/A,N/A,,,10,,10,3,,10,,,More communication with related parties. More flexible to data owner,Should have clear roadmap with stakeholder so we can align ,N/A,no
11,2/7/23 8:50:00,2/7/23 8:55:02,anonymous,,Department Store,Fully Disagree,Disagree,Disagree,Fully Disagree,Fully Disagree,Neutral,Neutral,N/A,N/A,Disagree,Disagree,Disagree,Disagree,,,1,1,1,5,4,2,2,,System stability and really understand & care more BU requirement and customer experience,"long-pending bugs (3 years) ,which impact greatly customer experience and sale",Dedicated PIC for BU for all issues and needs from BU,Product & system knowledge that CTO owns and multiple teams in CTO should talk to each other more
12,2/7/23 11:05:00,2/7/23 11:31:41,anonymous,,Department Store,Fully Disagree,N/A,N/A,Fully Disagree,Fully Disagree,Agree,Neutral,N/A,N/A,Fully Disagree,Fully Disagree,N/A,N/A,,,0,5,0,5,5,0,5,,"To start on top issues/ bugs that we raise to App support, then investigate on root cause and long term fix solution. To support users on new feature, project and UAT. To set up mutual goal with BUs to have same direction. ",To minimize workaround and manual process that users work for support system,Please keep continue sending NPS survey to keep improving service,Please assess work based on quality standards rather than timeline/ tickets SLA
13,2/7/23 15:31:42,2/7/23 15:43:10,anonymous,,Department Store,Neutral,Neutral,Neutral,Neutral,Neutral,Neutral,Neutral,Neutral,Neutral,Neutral,Neutral,Neutral,Neutral,N/A,N/A,4,4,4,4,4,4,4,,Coordinate with Tech team,not meet the timeline  ,IT support,
14,2/7/23 14:24:03,2/7/23 16:02:26,anonymous,,Department Store,Neutral,Agree,Disagree,Disagree,Disagree,Agree,Agree,Agree,Neutral,Agree,Disagree,Neutral,Neutral,Disagree,Disagree,6,6,3,6,7,7,8,6,Start from business requirements. Come & sit at our office.,Lack of communication & transparency,Share key progress/ updates,
