ID,bu,start_doing,stop_doing,continue_doing,other_comments,score_start,score_stop,score_continue,score_other
1,Department Store,Transparent Communication and Sufficient leadtime to implement/do/act,"Stop suggesting roll out plan or partial roll out plan, without consent from BU ",BU and PM dedicated for projects,"IT Cost needs to be more reasonable, compared to outsource or normal rate.",5,1,4,3
2,Department Store,Improve agile methodology to develop better products faster. Focus more on user requirements ,Stop relying on outdated product documents. Expect more responsiveness ,Not applicable,na,4,1,1,3
3,Supersports,"Align priorities with Business, Meet agreed timeline, Deliver agreed deliverables",Ignore business priorities - Take initiative with impact on Business without having informed Business,"Availability throughout the day [Marketing team, PM & BA]",na,5,4,4,3
4,Supersports,delivery the service in given timelines,Implementing initiatives without BUs confirmations/greenlight,Being responsive throughout key campaigns days (Digital Marketing team),na,4,4,4,3
5,Supersports,"To meet the timeline of project, To give more expert people to support BU right job",To limit resource of people to support BU - To do something without BU's greenlight,Promply response when BU having issue (Performance Marketing team and Data tracking team) ,na,4,1,4,3
6,PowerBuy,The real customr centric thoughts,"Overcharge for some activity due to we, BU, are also spend time with you to make things better",Good collaboration with BU ,na,5,3,4,3
7,Supersports,"commit to timeline, putting enough resources to where needed, recruiting the right resources who can actually do what they are hired for","always delay, having very poor documentation and KM",maintain high-performing staffs (our BA and PM),na,5,2,5,3
8,Supersports,can be fixed issue by the timeline,"Ignore business priority, Ignore a text message","expected to get the response quickly, more explanation about root cause and how to fix issue",na,3,1,3,3
9,Department Store,Understand more on business needs and localization before start doing something,Doing things without asking/sharing with the BU first,na,"Please try to understand the business of the BUs you providing the service to. If not, can ask and align more on the requirement first and give proper leadtime to review the work too.",4,4,3,3
10,Department Store,More communication with related parties. More flexible to data owner,Should have clear roadmap with stakeholder so we can align ,na,na,3,3,3,3
11,Department Store,System stability and really understand & care more BU requirement and customer experience,"long-pending bugs (3 years) ,which impact greatly customer experience and sale",Dedicated PIC for BU for all issues and needs from BU,Product & system knowledge that CTO owns and multiple teams in CTO should talk to each other more,5,2,4,5
12,Department Store,"To start on top issues/ bugs that we raise to App support, then investigate on root cause and long term fix solution. To support users on new feature, project and UAT. To set up mutual goal with BUs to have same direction. ",To minimize workaround and manual process that users work for support system,Please keep continue sending NPS survey to keep improving service,Please assess work based on quality standards rather than timeline/ tickets SLA,4,4,1,3
13,Department Store,Coordinate with Tech team,not meet the timeline  ,IT support,na,4,1,4,3
14,Department Store,Start from business requirements. Come & sit at our office.,Lack of communication & transparency,Share key progress/ updates,na,5,2,4,3
15,Central Food Group,"1. You need to understand what BU need and what BU is working nowadays such as operation process, business model, pain point, strategy etc. before you suggest or propose the solution. 2. You should be empathy to BU and work as a partner or colleague. Currently you treat us as a victim like an ATM that you will get the money from us and blow the money. 3. You should start recruit Thai people to work at CDO and stop hire the foreigner, because foreigner is coming with high compensation while the performance is very low. Moreover, they didn�t understand nature of Thai business. I�m confident that there are a lot of high potential Thai people that can be improved the CDO better than foreigner.  4. You should have indicator and criteria to evaluate your people that related with business KPI. 5. You have to focus to fix the root cause of tech issue as a priority.  6. CDO should sync up together between RIS and CTO before suggest and propose the solution to BU. We always get the conflict between RIS and CTO solution, moreover no one can confirm the design. They just ask BU to confirm with each others.","1. You should stop use foreigner vendor and hire foreigner as employee. They came with expensive cost while the result still low quality. Moreover, for system development we need to discuss in detail like a technical term or financial term, but foreigner are hard to understand the requirement and do the wrong thing from what BU explained. 2. You have to stop design the solution without business team. CTO always design the solution from their perspective but not care the requirement from BU. 3. You have to stop asking for impact and time of occurring issue, but not fix it permanently. We always answer the question from CTO side, but CTO never answer the BU for the solution of fixing day to day issue. I suggest you to go to store to understand pain from operation.",No. I think you should improve everything.,"For CTO application support, we're unhappy to use service from Aware. They're not understand what is nature of Tops business. They work like as robot, they didn't have empathy with user and understand situation that user was facing. I want you to change the vendor of application support and head of support that never understand what nature and process of our business. On the other hand, RIS application support is good for supporting us and try to help BU when we found that incident. They always response and help us immediately. I appreciate and prefer to use support service from RIS more that CTO. I could rate RIS application support 9/10 point for service mind topic while I gave CTO 0/10 ",2,2,2,3
16,Central Food Group,communicate clearly on budget and timeline then stick to it,not understanding business needs and why we need fast pace to compete with competitors and grow the business,RIS is good at fast response and try to help solve the issue. ,"Tech development is crucial to e-commerce, we need to be more flexible and agile but also cost and time effective which we don't see much yet",4,2,4,4
17,Department Store,Ensure all tech runs smoothly,na,na,na,5,3,3,3
18,Department Store,Fix the issue in timely manner,stop postpond timeline,na,na,4,1,3,3
19,PowerBuy,"Speed of service and Joint KPI, result against weekly KPI. ","Unexpected reoccuring cost, the cost figure always change, be awared of expired license. ",Weekly meeting and joint strategy ,na,3,1,4,3
20,CRC Head Office,na,na,na,na,3,3,3,3
21,Central Home Group,"It would be great if Central Digital Marketing Group could consider how to improve the way of working with CHG - marketing team, thank you",We had several meeting and agreed on the next steps but noone took the minute and noone followed up on what we agreed.,na,na,3,3,3,3
22,Central Food Group,Quality of work,quite slow in solving problems,Service mind,na,5,2,5,3
23,Central Food Group,gain more working people (dev),take too long to do works,a lot of research be for kick off some project,na,5,2,3,3
24,Department Store,Service & Support,SLA,propose a new innovation technology,na,5,4,4,3
25,Central Food Group,"In the interest of avoiding miscommunications and ensuring that our requirements are met effectively, we kindly request that your team takes the initiative to synchronize your efforts internally. We are receiving different answers to our questions when we reach out to different team members, which has caused confusion and slowed down our project progress. It is important for us to have consistency in the information we receive to ensure that we are on the same page and can move forward with our projects efficiently.","We have found the application support process during the replatforming project to be very cumbersome and unproductive. We are unable to improve or add any features due to the constraints of the project, yet the project is continuously delaying and impacting our sales. It is not feasible for us to open tickets and spend a significant amount of money on workarounds for known issues without a clear plan for fixing them.   We have experienced challenges with the cost structure of our projects, as we are unsure about how much we need to pay for services from the separate RIS and CTO teams. Additionally, we have encountered issues where communication between these teams has failed, resulting in the need for change requests and additional costs on our end. We kindly request that your team takes the necessary steps to provide us with a clear cost structure for our projects and improve communication between the RIS and CTO teams.   Technical feasibility assessments are often underestimating the complexity of the projects, which has had a negative impact on our ability to control costs. This is concerning as it has resulted in additional expenses and delays in project timelines.  We have found that there is a lack of visibility throughout the projects, which has resulted in unpleasant surprises for us.",We appreciate the efforts that the tech team has put into our projects so far and we believe that continuous improvement is key to success. We encourage the tech team to continue their commitment to delivering high-quality services and to work on improving processes and communication channels. ,"In addition to the challenges we've experienced with the project timelines, communication, technical feasibility assessments, cost structure, visibility, and the overall process, we have also encountered some issues with the quality of work delivered. We've noticed that some of the deliverables are not consistent with the requirements we've provided, which has caused confusion and delays in the project.",4,2,4,3
26,Central Marketing Group,Consistent fast response & proactive initiative,Inflexible & slow solution resolution on bugs,Good planning & transparent communication,na,4,2,4,3
27,Central Food Group,For my perspective you should start to manage the expectation from BU and the capability from your team in realistic way.,Should stop meeting too long but try to follow the agenda of meeting,keep updating new things in tech and apply / suggest the better way to BU,na,4,3,4,3
28,Central Marketing Group,Communication and discussion in advance. Solutions are discussed and handled without much consultation with the BU. This makes it difficult for BUs to adopt solutions entirely.,"Assuming, not all BUs are the same and it should not be assumed what works for one, will automatically work for another.",Innovating and exposing BUs to new tech and ways of working. It should be an educational journey with Central Digital as a transformation specialist.,na,3,3,5,3
29,Central Food Group,Should go ask team members before commit project timeline.,Not ask team members before commit project timeline.,Listen to the customer's voice and improve new features,To increase inhouse developer and team members resourece.,3,1,5,4
30,PowerBuy,"1. to lower the cost to meet market standard.  2. to have proper job transfer for new comer. 3. to documentate tech spec, white paper and regular update 4. reduce turnover rate in tech team",1. billing invalidated cost to BU 2. asking BU for the things tech team should know i.e. CTO system detail. 3. hiring EXPAT which cost 2x-3x higher than Thai and may have better communication due to team language barrier ,"PM good service mind and committment i.e. K. Martin, K. Prithvi",lower the cost please,4,1,4,2
31,Office Mate & B2S,"Reduce the cost, reasonable pricing",Internal not align between team inside Central Tech,"Share knowledge, be a center of Technology, roadmap, sharing sessions","Your team probably too busy on re-platforming project, so we are not in the high priority list. Thank you very much for your support by the way. You guys are a good guy and friendly :-)",3,1,5,4
32,Office Mate & B2S,More B2B expertise,High cost charging,New innovation or tools ,na,3,5,5,3
33,Office Mate & B2S,"Accurate information before sharing. Many times which I ask for the details, it doesn't match",Came with the big impact after a project done. the impact should estimate and raise before kick-off,Good service mind of RIS,na,3,5,4,3
